gauge_id,cluster_kmeans,cluster_ward,extremity,delta_gap,delta_sm_drought_end,delta_freq,delta_recovery_rate
28015,0,1,11.148202086080097,7.5,-6.558199999999999,0.06149425287356322,-1.174254810924368
76007,0,1,10.649585032316972,-2.5,-42.928225,-0.06896551724137923,0.8764901364789566
33029,0,1,8.515830454472052,12.25,3.98275000000001,0.09597701149425289,-0.6540443899628401
27043,0,1,8.16589592847785,3.5,-32.48954999999998,-0.3982758620689655,1.0034596509286224
39049,0,1,7.804097069482679,-0.25,-35.386199999999974,-0.2982758620689656,0.900104374999998
28072,0,1,6.992010037470807,15.25,-6.915424999999999,0.05402298850574716,-0.30263572163808883
21023,0,1,5.9774832516803915,12.5,-0.7122500000000009,-0.1206896551724137,-0.37708615733225126
38014,0,1,5.422368814456369,-0.75,-33.233374999999995,-0.03275862068965507,0.5944211001237245
29003,0,1,5.073889070365956,12.5,-1.4111500000000206,0.07816091954022988,-0.17985172580081987
36003,0,1,4.848396416705512,11.0,0.9388250000000085,-0.04597701149425287,-0.2822943353791405
54096,0,1,4.453935468071812,7.75,-23.63665000000003,-0.08735632183908049,-0.07196096411314867
37019,0,1,4.370963152344729,4.5,-28.243699999999976,-0.2091954022988507,0.47070063678923324
33019,0,1,4.226173251633953,10.25,0.7020749999999794,0.13965517241379305,-0.14336716446361342
24005,0,1,4.194139320565355,11.5,-6.552550000000011,-0.1040229885057471,-0.16315761330737688
74007,0,1,4.00129654180138,-2.75,-8.131274999999999,-0.5574712643678166,0.9974052299552307
28085,0,1,3.9340047859712195,9.0,-22.44002499999999,-0.04022988505747116,0.312611847793109
55008,0,1,3.8011903606783797,1.25,-1.7558750000000032,-0.6885057471264364,0.4633045238095237
28040,0,1,3.694977565969209,2.0,-28.054025000000024,-0.15459770114942534,0.27164710380642587
23001,0,1,3.454065791447802,7.25,-22.281299999999987,-0.20747126436781604,0.3515255854838524
39052,0,1,3.36811695409647,8.0,-21.33004999999997,-0.11494252873563215,0.2527543669001333
65001,0,1,3.3617210179265706,-3.25,-3.9677499999999988,-0.5896551724137935,0.7910387443438913
33034,0,1,3.349947013995574,8.75,-1.8522999999999854,0.0735632183908046,-0.17335169027037267
58008,0,1,3.117982420851865,0.5,-4.394874999999999,-0.6477011494252873,0.32563714177978875
34004,0,1,3.057488437052228,9.75,-0.16380000000003747,-0.028735632183908066,0.014160192046515974
21003,0,1,3.0464528459834908,8.5,-17.213025000000016,0.0367816091954023,0.10938201740313325
27006,0,1,2.85440345584639,-3.5,-25.376350000000002,-0.17701149425287355,0.4973590870670841
73014,0,1,2.853785509193556,-0.5,-10.808724999999995,-0.5057471264367814,0.8157665981240978
23006,0,1,2.8120565952666756,0.5,-0.8695999999999984,-0.599425287356322,0.32075627948547847
58006,0,1,2.78336739176106,0.5,-5.130875000000003,-0.6114942528735632,0.23723833333333255
23008,0,1,2.758842561867464,6.25,-17.01627499999998,-0.13678160919540228,-0.08432413524404891
27051,0,1,2.6479949318428746,4.75,-21.196600000000018,-0.241954022988506,0.4163336996881637
27007,0,1,2.6089381877338296,2.0,-22.110074999999995,-0.2954022988505749,0.49361265155372447
71001,0,1,2.5937037906921354,0.75,-12.38817499999999,-0.2954022988505749,0.9835556367130425
54012,0,1,2.5331418751971606,9.25,-3.4457749999999976,0.0798850574712644,0.15853526220244962
22009,0,1,2.5017989358536594,8.0,-3.3845249999999965,-0.08448275862068955,-0.0862549576521372
4005,0,1,2.5009156586432453,5.0,-0.4906250000000014,-0.30402298850574705,-0.14317822288822296
84009,0,1,2.500266296479763,5.75,-16.74860000000001,-0.3097701149425287,0.5399782115493417
21009,0,1,2.452260046041448,6.75,-15.858550000000037,0.05402298850574716,0.03825262994192835
65006,0,1,2.4514491302640216,-2.0,-1.9525499999999987,-0.572988505747126,0.23076865183792772
71006,0,1,2.4440619357314417,1.25,-18.238524999999996,-0.43735632183908035,0.42011072786690473
56007,0,1,2.330807745247518,-2.5,-3.3049999999999926,-0.5580459770114943,0.5037445744206774
12009,0,1,2.3081549732432465,3.25,-10.269750000000016,-0.4120689655172416,0.7387980384851796
15006,0,1,2.267558464551591,9.0,-11.034824999999998,-0.08103448275862057,0.25786800211341876
68004,0,1,2.2323192975040804,8.25,-11.134449999999958,0.060919540229885105,0.1633476733005832
81006,0,1,2.129731913175471,1.0,-2.2430500000000038,-0.45517241379310325,-0.023983687200956227
79004,0,1,2.047027075221889,2.75,0.03820000000001755,-0.2844827586206895,-0.1520109375000005
60002,0,1,2.0295276273273815,0.25,-3.3335499999999954,-0.5264367816091955,0.2712825528784082
83013,0,1,2.013584746682919,0.75,-18.162800000000004,-0.3810344827586205,0.36599756603499345
72009,0,1,1.9391807044526719,-1.5,-1.9653750000000088,-0.5074712643678159,0.480377394745777
76008,0,1,1.930163934582371,-0.5,-1.4704000000000121,-0.49942528735632186,0.47641402597402616
31023,0,1,1.890791950429509,7.25,-12.282725,-0.07068965517241377,0.13305106262883903
81007,0,1,1.87138827976044,-1.75,-1.5887499999999974,-0.4856321839080455,0.5351441287878789
28052,0,1,1.7982020395871674,0.75,-21.215775000000008,-0.053448275862068906,0.18572407220153542
21018,0,1,1.7665898945225598,6.75,-7.070375000000013,-0.014942528735632177,0.010459884155710197
21022,0,1,1.7516927372689441,7.25,-7.043075000000016,-0.1827586206896552,0.13474090301767827
37031,0,1,1.6816298405894388,3.25,-19.089349999999996,-0.09195402298850575,0.22539233348997945
84013,0,1,1.6545990019594043,7.5,-7.481999999999971,0.03275862068965529,0.26179590419137244
85002,0,1,1.6113125107545487,-1.0,0.005025000000003388,-0.4540229885057472,0.32491003886554637
67005,0,1,1.5843020991356707,7.5,-6.872425000000021,-0.05057471264367808,0.23365221302699668
27034,0,1,1.5459230803364585,4.5,-8.145150000000001,-0.3643678160919539,0.26690806565656544
88001,0,1,1.4232665323973883,4.0,-1.9527999999999963,-0.2678160919540229,0.049299666666667186
84005,0,1,1.4012064189728828,6.75,-7.085900000000009,0.01551724137931032,0.2368857515825753
63001,0,1,1.3944744947130694,0.25,-3.5321249999999935,-0.4201149425287356,0.5321455494505505
56012,0,1,1.38207207655651,3.0,-15.967299999999994,-0.16321839080459766,0.5632878379224024
15025,0,1,1.3790471820054746,4.0,-12.686474999999987,-0.2982758620689656,0.3316983876811592
23004,0,1,1.3544232077195897,1.5,-2.235350000000004,-0.367816091954023,0.09334518488090815
73009,0,1,1.3152709860288032,-0.75,-6.857874999999996,-0.4235632183908047,0.5294957692307696
18001,0,1,1.311782635291671,4.5,-11.317299999999989,-0.2793103448275862,0.28119028571428295
27071,0,1,1.2820737254127013,5.75,-9.287324999999981,0.053448275862068906,0.1994940677253827
9004,0,1,1.2378150914074815,3.5,-0.8629750000000058,-0.31264367816091954,0.2983331222280139
21006,0,1,1.192854262781448,5.5,-11.323149999999998,0.0011494252873563982,0.2656237407005655
13007,0,1,1.1862640735042398,1.5,-6.381599999999992,-0.39885057471264385,0.3774487050960733
17003,0,1,1.1605067835008107,5.5,-2.2016499999999866,-0.09137931034482771,0.17867246644658819
96002,0,1,1.1478418903976728,4.25,-4.559100000000001,-0.22816091954022988,0.09289612228841171
106001,0,1,1.1137333250558976,2.0,-5.64115000000001,-0.3097701149425287,0.05634315178385696
19001,0,1,1.0871515280950885,4.25,-4.205949999999973,-0.08735632183908026,0.022659857130190808
84020,0,1,1.0651892302893193,0.0,-3.097749999999998,-0.3896551724137931,0.28289943014651264
84014,0,1,1.0295198619674126,-0.5,-4.295649999999995,-0.2655172413793103,-0.04996646978021979
21012,0,1,1.0045222506839173,0.5,-5.741350000000011,-0.38275862068965516,0.27382133310492685
21024,0,1,0.9957986480979576,2.75,-13.966925000000003,-0.20862068965517233,0.2728166124746969
28048,0,1,0.9516307543581667,2.5,-14.972500000000025,-0.14425287356321836,0.4102448085907322
79006,0,1,0.9274026307852088,2.0,-4.894900000000007,-0.3339080459770114,0.2645237394957973
83009,0,1,0.919574204578003,1.0,-6.690074999999993,-0.35919540229885083,0.3920734179197991
84008,0,1,0.8076077917718519,0.0,-7.218849999999996,-0.3436781609195403,0.4513556587361953
13004,0,1,0.7153342916240697,0.5,-9.352025000000026,-0.31149425287356336,0.38791037856819144
